survived,pclass,name,age,fare,sibsp,parch,sex_male
0,3,"Braund, Mr. Owen Harris",-0.5303766406838785,-0.5189778652472694,1,0,True
1,1,"Cumings, Mrs. John Bradley (Florence Briggs Thayer)",0.571830994003175,0.6918967500566985,1,0,False
1,3,"Heikkinen, Miss. Laina",-0.25482473201211503,-0.5062135634647565,0,0,False
1,1,"Futrelle, Mrs. Jacques Heath (Lily May Peel)",0.36516706249935255,0.34804915212786086,1,0,False
0,3,"Allen, Mr. William Henry",0.36516706249935255,-0.5038498038754023,0,0,True
0,1,"McCarthy, Mr. Timothy J",1.6740386286902287,0.32464793219325394,0,0,True
0,3,"Palsson, Master. Gosta Leonard",-1.9081361840426954,-0.257546054664692,3,1,True
1,3,"Johnson, Mrs. Oscar W (Elisabeth Vilhelmina Berg)",-0.1859367548441742,-0.4455443643405553,0,2,False
1,2,"Nasser, Mrs. Nicholas (Adele Achem)",-1.0814804580274051,-0.08743478655338999,1,0,False
1,3,"Sandstrom, Miss. Marguerite Rut",-1.7703602297068137,-0.3402776402920899,1,1,False
1,1,"Bonnell, Miss. Elizabeth",1.949590537361992,-0.15401338465097683,0,0,False
0,3,"Saundercock, Mr. William Henry",-0.6681525950197601,-0.5038498038754023,0,0,True
0,3,"Andersson, Mr. Anders Johan",0.6407189711711159,-0.06466327217338712,1,5,True
0,3,"Vestrom, Miss. Hulda Amanda Adolfina",-1.0814804580274051,-0.5075523968961668,0,0,False
1,2,"Hewlett, Mrs. (Mary D Kingcome) ",1.7429266058581694,-0.35351469399247354,0,0,False
0,3,"Rice, Master. Eugene",-1.9081361840426954,-0.10531993711027979,4,1,True
0,3,"Vander Planke, Mrs. Julius (Emelia Maria Vandemoortele)",0.08961515382758917,-0.31569454056280594,1,0,False
0,2,"Fynney, Mr. Joseph J",0.36516706249935255,-0.16441392684413544,0,0,True
1,2,"Beesley, Mr. Lawrence",0.2962790853314117,-0.410244924136975,0,0,True
1,3,"McGowan, Miss. Anna ""Annie""",-1.0125924808594644,-0.504243133471071,0,0,False
1,1,"Sloper, Mr. William Thompson",-0.11704877767623337,0.015231801946785766,0,0,True
0,3,"Palsson, Miss. Torborg Danira",-1.4948083210350502,-0.257546054664692,3,1,False
1,3,"Asplund, Mrs. Carl Oscar (Selma Augusta Emilia Johansson)",0.571830994003175,-0.0625358885429683,1,5,False
0,1,"Uruchurtu, Don. Manuel E",0.7096069483390568,-0.1318734668332494,0,0,True
0,2,"Wheadon, Mr. Edward H",2.500694354705519,-0.4575201159240595,0,0,True
0,1,"Meyer, Mr. Edgar Joseph",-0.11704877767623337,0.8977802102894517,1,0,True
0,1,"Holverson, Mr. Alexander Oskar",0.8473829026749384,0.32724806774154364,1,0,True
0,3,"Cann, Mr. Ernest Charles",-0.5992646178518193,-0.5038498038754023,0,0,True
0,3,"Vander Planke, Miss. Augusta Maria",-0.8059285493556418,-0.31569454056280594,2,0,False
1,3,"Nicola-Yarred, Miss. Jamila",-1.0814804580274051,-0.4434945120246673,1,0,False
0,3,"Ahlin, Mrs. Johan (Johanna Persdotter Larsson)",0.7096069483390568,-0.47690294455676413,1,0,False
0,2,"Turpin, Mrs. William John Robert (Dorothy Ann Wonnacott)",-0.1859367548441742,-0.2589643104183045,1,0,False
1,2,"Laroche, Miss. Simonne Marie Anne Andree",-1.8392482068747544,0.13018994031160347,1,2,False
1,3,"Devaney, Miss. Margaret Delia",-0.7370405721877009,-0.5070796449782959,0,0,False
0,3,"Arnold-Franchi, Mrs. Josef (Josefine Franchi)",-0.8059285493556418,-0.3194765559057727,1,0,False
0,3,"Panula, Master. Juha Niilo",-1.5636962982029912,0.09441774819015235,4,1,True
0,3,"Nosworthy, Mr. Richard Cater",-0.5992646178518193,-0.5085773230541109,0,0,True
1,1,"Harper, Mrs. Henry Sleeper (Myna Haxtun)",1.3295987428505243,0.794879136838012,1,0,False
1,2,"Faunthorpe, Mrs. Lizzie (Elizabeth Anne Wilkinson)",-0.04816080050829252,-0.16441392684413544,1,0,False
0,1,"Ostby, Mr. Engelhart Cornelius",2.431806377537578,0.5159555052942132,0,1,True
1,2,"Rugg, Miss. Emily",-0.5992646178518193,-0.4575201159240595,0,0,False
0,3,"Novel, Mr. Mansouer",-0.08260478909226295,-0.519371194842938,0,0,True
1,2,"West, Miss. Constance Mirium",-1.7014722525388728,-0.13132129259317626,1,2,False
0,3,"Goodwin, Master. William Frederick",-1.2881443895312277,0.2308066764958912,5,2,True
0,3,"Sirayanian, Mr. Orsen",-0.5303766406838785,-0.519371194842938,0,0,True
1,1,"Icard, Miss. Amelie",0.571830994003175,0.8567302157568903,0,0,False
0,1,"Harris, Mr. Henry Birkhardt",1.054046834178761,0.9224427323409378,1,0,True
0,3,"Skoog, Master. Harald",-1.7703602297068137,-0.12848478108595124,3,2,True
1,2,"Nye, Mrs. (Elizabeth Ramell)",-0.04816080050829252,-0.4575201159240595,0,0,False
0,3,"Crease, Mr. Ernest James",-0.7370405721877009,-0.5018018425671859,0,0,True
1,3,"Andersson, Miss. Erna Alexandra",-0.8748165265235827,-0.5062135634647565,4,2,False
0,3,"Kink, Mr. Vincenz",-0.25482473201211503,-0.49226738188756664,2,0,True
0,2,"Jenkin, Mr. Stephen Curnow",0.15850313099553,-0.4575201159240595,0,0,True
0,3,"Goodwin, Miss. Lillian Amy",-0.9437045036915235,0.2308066764958912,5,2,False
0,2,"Hood, Mr. Ambrose Jr",-0.5992646178518193,0.7338147171104706,0,0,True
0,3,"Chronopoulos, Mr. Apostolos",-0.25482473201211503,-0.3827458905782637,1,0,True
1,3,"Bing, Mr. Lee",0.15850313099553,0.41226399063609354,0,0,True
0,3,"Moen, Mr. Sigurd Hansen",-0.3237127091800559,-0.5114138345613359,0,0,True
1,2,"Caldwell, Master. Alden Gates",-1.9887351173291863,-0.10768369669963401,0,2,True
1,3,"Dowdell, Miss. Elizabeth",0.020727176659648322,-0.4201727144122627,0,0,False
0,3,"Waelens, Mr. Achille",-0.5303766406838785,-0.48588523099631026,0,0,True
1,3,"Sheerlinck, Mr. Jan Baptist",-0.04816080050829252,-0.47643019263889336,0,0,True
0,1,"Carrau, Mr. Francisco M",-0.11704877767623337,0.234588691838858,0,0,True
1,2,"Ilett, Miss. Bertha",-0.8748165265235827,-0.4575201159240595,0,0,False
1,3,"Backstrom, Mrs. Karl Alfred (Maria Mathilda Gustafsson)",0.22739110816347086,-0.3563512054996986,3,0,False
0,3,"Ford, Mr. William Neal",-0.9437045036915235,-0.006042034357402272,1,3,True
0,3,"Celotti, Mr. Francesco",-0.3926006863479967,-0.5038498038754023,0,0,True
0,3,"Christmann, Mr. Emil",-0.04816080050829252,-0.5038498038754023,0,0,True
0,3,"Andreasson, Mr. Paul Edvin",-0.6681525950197601,-0.5075523968961668,0,0,True
0,1,"Chaffee, Mr. Herbert Fuller",1.122934811346702,0.5007480216001439,1,0,True
0,3,"Dean, Mr. Bertram Frank",-0.25482473201211503,-0.2670010930221089,1,2,True
0,3,"Coxon, Mr. Daniel",2.018478514529933,-0.5189778652472694,0,0,True
0,1,"Goldschmidt, Mr. George B",2.845134240545223,-0.0007623409386206146,0,0,True
1,1,"Greenfield, Mr. William Bertram",-0.4614886635159376,0.5420343920916405,0,1,True
1,2,"Doling, Mrs. John T (Ada Julia Bone)",0.2962790853314117,-0.22114415698863688,0,1,False
0,2,"Kantor, Mr. Sinai",0.2962790853314117,-0.16441392684413544,1,0,True
0,3,"Petranec, Miss. Matilda",-0.11704877767623337,-0.5067657377048297,0,0,False
0,1,"White, Mr. Richard Frasar",-0.5992646178518193,0.8054366326679036,0,1,True
0,3,"Johansson, Mr. Gustaf Joel",0.22739110816347086,-0.49242433552429976,0,0,True
0,3,"Gustafsson, Mr. Anders Vilhelm",0.5029430168352342,-0.5062135634647565,2,0,True
0,3,"Mionoff, Mr. Stoytcho",-0.11704877767623337,-0.5067657377048297,0,0,True
1,3,"Salkjelsvik, Miss. Anna Kristine",-0.5992646178518193,-0.5114138345613359,0,0,False
0,3,"Rekic, Mr. Tido",0.571830994003175,-0.5067657377048297,0,0,True
0,1,"Porter, Mr. Walter Chamberlain",1.1918227885146426,0.32724806774154364,0,0,True
0,3,"Zabour, Miss. Hileni",-1.0470364694434349,-0.3827458905782637,1,0,False
0,3,"Barton, Mr. David John",-0.5303766406838785,-0.5038498038754023,0,0,True
0,3,"Jussila, Miss. Katriina",-0.6681525950197601,-0.47028441770657237,1,0,False
0,3,"Attalah, Miss. Malake",-0.8748165265235827,-0.3826683592637328,0,0,False
0,3,"Pekoniemi, Mr. Edvard",-0.5992646178518193,-0.5062135634647565,0,0,True
0,3,"Connors, Mr. Patrick",2.8106902519612524,-0.5095228268898525,0,0,True
0,2,"Turpin, Mr. William John Robert",-0.04816080050829252,-0.2589643104183045,1,0,True
0,1,"Baxter, Mr. Quigg Edmond",-0.3926006863479967,4.024561395087223,0,1,True
0,3,"Andersson, Miss. Ellis Anna Maria",-1.9081361840426954,-0.06466327217338712,4,2,False
0,2,"Hickman, Mr. Stanley George",-0.5992646178518193,0.7338147171104706,2,0,True
0,2,"Nasser, Mr. Nicholas",0.19294711957950042,-0.08743478655338999,1,0,True
1,2,"Webber, Miss. Susan",0.19294711957950042,-0.410244924136975,0,0,False
0,1,"White, Mr. Percival Wayland",1.6740386286902287,0.8054366326679036,0,1,True
1,3,"Nicola-Yarred, Master. Elias",-1.219256412363287,-0.4434945120246673,1,0,True
1,3,"Madsen, Mr. Fridtjof Arne",-0.3926006863479967,-0.5210258265554859,0,0,True
0,3,"Ekstrom, Mr. Johan",1.054046834178761,-0.5241781363438487,0,0,True
0,3,"Drazenoic, Mr. Jozef",0.22739110816347086,-0.5067657377048297,0,0,True
0,3,"Coelho, Mr. Domingos Fernandeo",-0.6681525950197601,-0.5227598805902361,0,0,True
0,3,"Robins, Mrs. Alexander A (Grace Charity Laury)",1.1918227885146426,-0.3818798090647243,1,0,False
1,2,"Weisz, Mrs. Leopold (Mathilde Francoise Pede)",-0.04816080050829252,-0.16441392684413544,1,0,False
0,2,"Sobey, Mr. Samuel James Hayden",-0.3237127091800559,-0.410244924136975,0,0,True
0,2,"Richard, Mr. Emile",-0.4614886635159376,-0.371558689193768,0,0,True
1,1,"Newsom, Miss. Helen Monypeny",-0.7370405721877009,-0.159056702110823,0,2,False
0,1,"Futrelle, Mr. Jacques Heath",0.5029430168352342,0.34804915212786086,1,0,True
0,3,"Osen, Mr. Olaf Elon",-0.9437045036915235,-0.48178741737220576,0,0,True
0,1,"Giglio, Mr. Victor",-0.3926006863479967,0.8416021543850234,0,0,True
1,3,"Nysten, Miss. Anna Sofia",-0.5303766406838785,-0.5095228268898525,0,0,False
1,3,"Hakkarainen, Mrs. Pekka Pietari (Elin Matilda Dolck)",-0.3926006863479967,-0.3563512054996986,1,0,False
0,3,"Burke, Mr. Jeremiah",-0.7370405721877009,-0.5284329036046863,0,0,True
0,2,"Andrew, Mr. Edgardo Samuel",-0.8059285493556418,-0.4386100392092257,0,0,True
0,2,"Nicholls, Mr. Joseph Charles",-0.7370405721877009,0.03886939784032803,1,1,True
1,3,"Andersson, Mr. August Edvard (""Wennerstrom"")",-0.1859367548441742,-0.5086567453763131,0,0,True
0,3,"Ford, Miss. Robina Maggie ""Ruby""",-1.4259203438671093,-0.006042034357402272,2,2,False
0,2,"Navratil, Mr. Michel (""Louis M Hoffman"")",0.4684990282512638,-0.16441392684413544,0,2,True
0,2,"Byles, Rev. Thomas Roussel Davids",0.8473829026749384,-0.410244924136975,0,0,True
0,2,"Bateman, Rev. Robert James",1.4673746971864061,-0.41922721057652107,0,0,True
1,1,"Pears, Mrs. Thomas (Edith Wearne)",-0.5303766406838785,0.6033351877781172,1,0,False
0,3,"Meo, Mr. Alfonzo",1.7773705944421399,-0.5038498038754023,0,0,True
0,3,"van Billiard, Mr. Austin Blyler",0.7440509369230272,-0.3818798090647243,0,2,True
0,1,"Williams, Mr. Charles Duane",1.4673746971864061,0.5046094592653129,0,1,True
1,3,"Gilnagh, Miss. Katherine ""Katie""",-0.9437045036915235,-0.5098386251709902,0,0,False
0,3,"Corn, Mr. Harry",0.020727176659648322,-0.5038498038754023,0,0,True
0,3,"Cribb, Mr. John Hatfield",0.9851588570108202,-0.35162368632099017,0,1,True
1,2,"Watt, Mrs. James (Elizabeth ""Bessie"" Inglis Milne)",0.7096069483390568,-0.358242213171182,0,0,False
0,3,"Bengtsson, Mr. John Viktor",-0.25482473201211503,-0.5090500749719817,0,0,True
0,3,"Calic, Mr. Jovo",-0.8748165265235827,-0.49226738188756664,0,0,True
0,3,"Panula, Master. Eino Viljami",-1.977024161210636,0.09441774819015235,4,1,True
1,3,"Goldsmith, Master. Frank John William ""Frankie""",-1.4259203438671093,-0.2679465968578506,0,2,True
0,3,"Skoog, Mrs. William (Anna Bernhardina Karlsson)",1.054046834178761,-0.12848478108595124,1,4,False
0,3,"Ling, Mr. Lee",-0.11704877767623337,0.41226399063609354,0,0,True
0,1,"Van der hoef, Mr. Wyckoff",2.1562544688658143,-0.022588351482881856,0,0,True
0,3,"Rice, Master. Arthur",-1.7703602297068137,-0.10531993711027979,4,1,True
1,3,"Johnson, Miss. Eleanor Ileen",-1.977024161210636,-0.4455443643405553,1,1,False
0,3,"Sivola, Mr. Antti Wilhelm",-0.5992646178518193,-0.5062135634647565,0,0,True
0,1,"Smith, Mr. James Clinch",1.8118145830261103,-0.07561598860661886,0,0,True
0,3,"Klasen, Mr. Klas Albin",-0.8059285493556418,-0.5075523968961668,1,1,True
0,1,"Isham, Miss. Ann Elizabeth",1.3984867200184652,-0.11312034375514876,0,0,False
0,2,"Hale, Mr. Reginald",0.020727176659648322,-0.410244924136975,0,0,True
0,3,"Leonard, Mr. Lionel",0.43405503966729336,-0.6560759214298145,0,0,True
0,3,"Asplund, Master. Clarence Gustaf Hugo",-1.4259203438671093,-0.0625358885429683,4,2,True
1,2,"Becker, Master. Richard F",-1.977024161210636,0.08141707044870411,2,1,True
1,3,"Kink-Heilmann, Miss. Luise Gretchen",-1.7703602297068137,-0.23958148178559988,0,2,False
1,1,"Romaine, Mr. Charles Hallace (""Mr C Rolmane"")",1.054046834178761,-0.15401338465097683,0,0,True
0,3,"Bourke, Mr. John",0.7096069483390568,-0.3629697323498905,1,1,True
0,3,"Turcin, Mr. Stjepan",0.43405503966729336,-0.5067657377048297,0,0,True
1,2,"Pinsky, Mrs. (Rosa)",0.15850313099553,-0.410244924136975,0,0,False
0,2,"Carbines, Mr. William",-0.7370405721877009,-0.410244924136975,0,0,True
1,3,"Andersen-Jensen, Miss. Carla Christine Nielsine",-0.7370405721877009,-0.5075523968961668,1,0,False
1,2,"Navratil, Master. Michel M",-1.8392482068747544,-0.16441392684413544,1,1,True
1,1,"Brown, Mrs. James Joseph (Margaret Tobin)",0.9851588570108202,-0.1318734668332494,0,0,False
1,1,"Lurette, Miss. Elise",1.949590537361992,2.1146436468890077,0,0,False
0,3,"Olsen, Mr. Karl Siegwart Andreas",0.8473829026749384,-0.49715185470300827,0,1,True
0,2,"Yrois, Miss. Henriette (""Mrs Harbeck"")",-0.3926006863479967,-0.410244924136975,0,0,False
0,3,"Vande Walle, Mr. Nestor Cyriel",-0.11704877767623337,-0.47643019263889336,0,0,True
0,3,"Johanson, Mr. Jakob Alfred",0.2962790853314117,-0.5332398451055971,0,0,True
0,3,"Youseff, Mr. Gerious",1.0884908227627315,-0.5194506171651402,0,0,True
1,3,"Cohen, Mr. Gurshon ""Gus""",-0.8059285493556418,-0.5038498038754023,0,0,True
0,3,"Strom, Miss. Telma Matilda",-1.9081361840426954,-0.4582292438008658,0,1,False
0,3,"Backstrom, Mr. Karl Alfred",0.15850313099553,-0.3563512054996986,1,0,True
1,3,"Albimona, Mr. Nassef Cassem",-0.25482473201211503,-0.30080285514987426,0,0,True
1,3,"Carr, Miss. Helen ""Ellen""",-0.9437045036915235,-0.5095228268898525,0,0,False
1,1,"Blank, Mr. Henry",0.7096069483390568,-0.06986354326996638,0,0,True
0,3,"Ali, Mr. Ahmed",-0.3926006863479967,-0.5227598805902361,0,0,True
1,2,"Cameron, Miss. Clear Annie",0.36516706249935255,-0.2589643104183045,0,0,False
0,3,"Perkin, Mr. John Henry",-0.5303766406838785,-0.5189778652472694,0,0,True
0,2,"Givard, Mr. Hans Kristensen",0.020727176659648322,-0.410244924136975,0,0,True
1,1,"Newell, Miss. Madeleine",0.08961515382758917,1.4859630184429855,1,0,False
1,3,"Honkanen, Miss. Eliina",-0.1859367548441742,-0.5062135634647565,0,0,False
0,2,"Jacobsohn, Mr. Sidney Samuel",0.8473829026749384,-0.14550385012930164,1,0,True
1,1,"Bazzani, Miss. Albina",0.15850313099553,0.7866059782752722,0,0,False
0,2,"Harris, Mr. Walter",0.020727176659648322,-0.4575201159240595,0,0,True
1,3,"Sunderland, Mr. Victor Francis",-0.9437045036915235,-0.5038498038754023,0,0,True
0,2,"Bracken, Mr. James H",-0.1859367548441742,-0.410244924136975,0,0,True
0,3,"Green, Mr. George Henry",1.4673746971864061,-0.5038498038754023,0,0,True
1,1,"Hoyt, Mr. Frederick Maxfield",0.571830994003175,1.0458309829052286,1,0,True
0,3,"Berglund, Mr. Karl Ivar Sven",-0.5303766406838785,-0.4792667041461184,0,0,True
1,2,"Mellors, Mr. William John",-0.7370405721877009,-0.4575201159240595,0,0,True
0,3,"Lovell, Mr. John Hall (""Henry"")",-0.6337086064357897,-0.5189778652472694,0,0,True
0,2,"Fahlstrom, Mr. Arne Jonas",-0.8059285493556418,-0.410244924136975,0,0,True
1,1,"Harris, Mrs. Henry Birkhardt (Irene Wallach)",0.36516706249935255,0.9224427323409378,1,0,False
0,3,"Larsson, Mr. Bengt Edvin",-0.04816080050829252,-0.5090500749719817,0,0,True
0,2,"Sjostedt, Mr. Ernst Adolf",2.018478514529933,-0.4007898857795581,0,0,True
1,3,"Asplund, Miss. Lillian Gertrud",-1.7014722525388728,-0.0625358885429683,4,2,False
0,2,"Leyson, Mr. Robert William Norman",-0.3926006863479967,-0.4575201159240595,0,0,True
0,2,"Hold, Mr. Stephen",0.9851588570108202,-0.16441392684413544,1,0,True
1,2,"Collyer, Miss. Marjorie ""Lottie""",-1.4948083210350502,-0.159686407665427,0,2,False
0,2,"Pengelly, Mr. Frederick William",-0.7370405721877009,-0.4575201159240595,0,0,True
0,2,"Hunt, Mr. George Henry",0.22739110816347086,-0.4239547297552295,0,0,True
0,2,"Coleridge, Mr. Reginald Charles",-0.04816080050829252,-0.4575201159240595,0,0,True
0,3,"Maenpaa, Mr. Matti Alexanteri",-0.5303766406838785,-0.5213416248366236,0,0,True
0,3,"Attalah, Mr. Sleiman",0.020727176659648322,-0.5194506171651402,0,0,True
0,1,"Minahan, Dr. William Edward",0.9851588570108202,1.0458309829052286,2,0,True
0,3,"Lindahl, Miss. Agda Thorilda Viktoria",-0.3237127091800559,-0.5090500749719817,0,0,False
1,2,"Hamalainen, Mrs. William (Anna)",-0.3926006863479967,-0.3818798090647243,0,2,False
1,1,"Beckwith, Mr. Richard Leonard",0.5029430168352342,0.33772803225690456,1,1,True
0,2,"Carter, Rev. Ernest Courtenay",1.6740386286902287,-0.16441392684413544,1,0,True
0,3,"Strom, Mrs. Wilhelm (Elna Matilda Persson)",-0.04816080050829252,-0.4582292438008658,1,1,False
0,1,"Stead, Mr. William Thomas",2.225142446033755,-0.15401338465097683,0,0,True
0,3,"Lobb, Mr. William Arthur",0.020727176659648322,-0.35162368632099017,1,0,True
0,3,"Rosblom, Mrs. Viktor (Helena Wilhelmina)",0.7784949255069976,-0.27385599583123615,0,2,False
1,3,"Touma, Mrs. Darwis (Hanne Youssef Razi)",-0.04816080050829252,-0.36777667385080126,0,2,False
1,1,"Cherry, Miss. Gladys",0.020727176659648322,0.9796457144033102,0,0,False
1,2,"Parrish, Mrs. (Lutie Davis)",1.3984867200184652,-0.16441392684413544,0,1,False
1,3,"Asplund, Master. Edvin Rojj Felix",-1.8392482068747544,-0.0625358885429683,4,2,True
0,1,"Taussig, Mr. Emil",1.5362626743543468,0.8501116889066986,1,1,True
0,1,"Harrison, Mr. William",0.7096069483390568,-0.6560759214298145,0,0,True
0,2,"Reeves, Mr. David",0.43405503966729336,-0.4575201159240595,0,0,True
0,3,"Panula, Mr. Ernesti Arvid",-0.9437045036915235,0.09441774819015235,4,1,True
1,3,"Persson, Mr. Ernst Ulrik",-0.3237127091800559,-0.5090500749719817,1,0,True
1,1,"Graham, Mrs. William Thompson (Edith Junkins)",1.949590537361992,2.245911726420369,0,1,False
1,1,"Bissette, Miss. Amelia",0.36516706249935255,1.908760186656254,0,0,False
1,3,"Tornquist, Mr. William Henry",-0.3237127091800559,-0.6560759214298145,0,0,True
1,2,"Mellinger, Mrs. (Elizabeth Anne Maidment)",0.7784949255069976,-0.28732942549055523,0,1,False
0,1,"Natsch, Mr. Charles H",0.5029430168352342,-0.09444664299925036,0,1,True
1,1,"Andrews, Miss. Kornelia Theodosia",2.294030423201696,0.818121512128214,1,0,False
0,3,"Lindblom, Miss. Augusta Charlotta",1.054046834178761,-0.5095228268898525,0,0,False
0,3,"Rice, Master. Eric",-1.5636962982029912,-0.10531993711027979,4,1,True
1,3,"Abbott, Mrs. Stanton (Rosa Hunt)",0.36516706249935255,-0.2731468679544299,1,1,False
0,3,"Duane, Mr. Frank",2.431806377537578,-0.5095228268898525,0,0,True
0,3,"Olsson, Mr. Nils Johan Goransson",-0.11704877767623337,-0.5075523968961668,0,0,True
0,3,"de Pelsmaeker, Mr. Alfons",-0.9437045036915235,-0.47643019263889336,0,0,True
1,3,"Dorking, Mr. Edward Arthur",-0.7370405721877009,-0.5038498038754023,0,0,True
0,3,"Stankovic, Mr. Ivan",0.22739110816347086,-0.49226738188756664,0,0,True
1,3,"de Mulder, Mr. Theodore",0.020727176659648322,-0.47643019263889336,0,0,True
0,3,"Naidenoff, Mr. Penko",-0.5303766406838785,-0.5067657377048297,0,0,True
1,2,"Hosono, Mr. Masabumi",0.8473829026749384,-0.410244924136975,0,0,True
1,3,"Connolly, Miss. Kate",-0.5303766406838785,-0.5095228268898525,0,0,False
1,1,"Barber, Miss. Ellen ""Nellie""",-0.25482473201211503,0.8349836275348314,0,0,False
1,1,"Bishop, Mrs. Dickinson H (Helen Walton)",-0.7370405721877009,1.066238737695877,1,0,False
0,2,"Levy, Mr. Rene Jacques",0.43405503966729336,-0.41260868372632925,0,0,True
0,3,"Haas, Miss. Aloisia",-0.3926006863479967,-0.4887217425035353,0,0,False
0,3,"Mineff, Mr. Ivan",-0.3926006863479967,-0.5067657377048297,0,0,True
0,3,"Hanna, Mr. Mansour",-0.4270446749319672,-0.519371194842938,0,0,True
0,1,"Allison, Miss. Helen Loraine",-1.9081361840426954,2.20974620470325,1,2,False
1,1,"Baxter, Mrs. James (Helene DeLaudeniere Chaput)",1.3984867200184652,4.024561395087223,0,1,False
0,3,"Johnson, Mr. William Cahoone Jr",-0.7370405721877009,-0.6560759214298145,0,0,True
1,1,"Allison, Master. Hudson Trevor",-1.9825351993840714,2.20974620470325,1,2,True
1,1,"Penasco y Castellana, Mrs. Victor de Satode (Maria Josefa Perez de Soto y Vallejo)",-0.8748165265235827,1.4032314328155877,1,0,False
0,2,"Abelson, Mr. Samuel",0.020727176659648322,-0.20223408027380307,1,0,True
1,1,"Francatelli, Miss. Laura Mabel",0.020727176659648322,0.42045961788430253,0,0,False
1,1,"Hays, Miss. Margaret Bechstein",-0.3926006863479967,0.91645391104535,0,0,False
0,2,"Lahtinen, Mrs. William (Anna Sylfven)",-0.25482473201211503,-0.16441392684413544,1,1,False
0,3,"Hendekovic, Mr. Ignjac",-0.11704877767623337,-0.5067657377048297,0,0,True
0,2,"Hart, Mr. Benjamin",0.9162708798428792,-0.159686407665427,1,1,True
1,3,"Nilsson, Miss. Helmina Josefina",-0.25482473201211503,-0.5075523968961668,0,0,False
1,2,"Kantor, Mrs. Sinai (Miriam Sternin)",-0.3926006863479967,-0.16441392684413544,1,0,False
0,2,"Moraweck, Dr. Ernest",1.6740386286902287,-0.3913348474221412,0,0,True
1,1,"Wick, Miss. Mary Natalie",0.08961515382758917,2.461566023291677,0,2,False
1,1,"Spedden, Mrs. Frederic Oakley (Margaretta Corning Stone)",0.7096069483390568,1.887329396715333,1,1,False
0,3,"Dennis, Mr. Samuel",-0.5303766406838785,-0.5189778652472694,0,0,True
0,3,"Danoff, Mr. Yoto",-0.1859367548441742,-0.5067657377048297,0,0,True
1,2,"Slayter, Miss. Hilda Mary",0.020727176659648322,-0.4225364740016169,0,0,False
1,2,"Caldwell, Mrs. Albert Francis (Sylvia Mae Harbaugh)",-0.5303766406838785,-0.10768369669963401,1,1,False
1,1,"Young, Miss. Marie Grice",0.43405503966729336,1.908760186656254,0,0,False
0,3,"Nysveen, Mr. Johan Hansen",2.1562544688658143,-0.5381243179210387,0,0,True
1,2,"Ball, Mrs. (Ada E Hall)",0.43405503966729336,-0.410244924136975,0,0,False
1,3,"Goldsmith, Mrs. Frank John (Emily Alice Brown)",0.08961515382758917,-0.2679465968578506,1,1,False
1,1,"Hippach, Miss. Jean Gertrude",-0.9437045036915235,0.440315198434878,0,1,False
0,1,"Partner, Mr. Austen",1.0884908227627315,-0.11713873505705091,0,0,True
0,1,"Graham, Mr. George Edward",0.571830994003175,2.245911726420369,0,1,True
0,3,"Vander Planke, Mr. Leo Edmondus",-0.9437045036915235,-0.31569454056280594,2,0,True
0,1,"Pears, Mr. Thomas Clinton",-0.04816080050829252,0.6033351877781172,1,0,True
1,1,"Burns, Miss. Elizabeth Margaret",0.7784949255069976,1.887329396715333,0,0,False
1,3,"Dahl, Mr. Karl Edwart",1.054046834178761,-0.5038498038754023,0,0,True
0,1,"Blackwell, Mr. Stephen Weart",1.054046834178761,0.015231801946785766,0,0,True
1,2,"Navratil, Master. Edmond Roger",-1.9081361840426954,-0.16441392684413544,1,1,True
0,2,"Collander, Mr. Erik Gustaf",-0.11704877767623337,-0.410244924136975,0,0,True
0,2,"Sedgwick, Mr. Charles Frederick Waddington",-0.3237127091800559,-0.410244924136975,0,0,True
0,2,"Fox, Mr. Stanley Hubert",0.43405503966729336,-0.410244924136975,0,0,True
1,2,"Brown, Miss. Amelia ""Mildred""",-0.3926006863479967,-0.410244924136975,0,0,False
1,2,"Smith, Miss. Marion Elsie",0.7096069483390568,-0.410244924136975,0,0,False
1,3,"Coutts, Master. William Loch ""William""",-1.8392482068747544,-0.35540570166395696,1,1,True
0,3,"Dimic, Mr. Jovan",0.8473829026749384,-0.49226738188756664,0,0,True
0,3,"Odahl, Mr. Nils Martin",-0.4614886635159376,-0.48163046373547264,0,0,True
0,3,"Elias, Mr. Tannous",-1.0125924808594644,-0.519371194842938,1,1,True
0,3,"Arnold-Franchi, Mr. Josef",-0.3237127091800559,-0.3194765559057727,1,0,True
0,3,"Vanden Steen, Mr. Leo Peter",-0.11704877767623337,-0.47643019263889336,0,0,True
1,1,"Bowerman, Miss. Elsie Edith",-0.5303766406838785,0.3839782978860451,0,1,False
0,2,"Funk, Miss. Annie Clemmer",0.571830994003175,-0.410244924136975,0,0,False
0,3,"Skoog, Mr. Wilhelm",0.7096069483390568,-0.12848478108595124,1,4,True
0,2,"del Carlo, Mr. Sebastiano",-0.04816080050829252,-0.1318734668332494,1,0,True
0,3,"Barbara, Mrs. (Catherine David)",1.054046834178761,-0.3827458905782637,0,1,False
0,3,"Asim, Mr. Adola",0.36516706249935255,-0.5227598805902361,0,0,True
0,3,"Adahl, Mr. Mauritz Nils Martin",0.020727176659648322,-0.5189778652472694,0,0,True
1,1,"Warren, Mrs. Frank Manley (Anna Sophia Atkinson)",2.087366491697874,0.7669073513614297,1,0,False
1,1,"Aubart, Mme. Leontine Pauline",-0.3926006863479967,0.6543923949081686,0,0,False
1,1,"Harder, Mr. George Achilles",-0.3237127091800559,0.39233087877098716,1,0,True
0,3,"Wiklund, Mr. Jakob Alfred",-0.8059285493556418,-0.5332398451055971,1,0,True
0,3,"Beavan, Mr. William Thomas",-0.7370405721877009,-0.5038498038754023,0,0,True
0,1,"Ringhini, Mr. Sante",-0.5303766406838785,1.908760186656254,0,0,True
0,3,"Palsson, Miss. Stina Viola",-1.8392482068747544,-0.257546054664692,3,1,False
1,3,"Landergren, Miss. Aurora Adelia",-0.5303766406838785,-0.5189778652472694,0,0,False
0,1,"Widener, Mr. Harry Elkins",-0.1859367548441742,3.343405303757537,0,2,True
0,3,"Betros, Mr. Tannous",-0.6681525950197601,-0.5801992386115439,0,0,True
0,3,"Gustafsson, Mr. Karl Gideon",-0.7370405721877009,-0.5090500749719817,0,0,True
1,1,"Bidois, Miss. Rosalie",0.8473829026749384,3.6464392831127483,0,0,False
1,3,"Nakid, Miss. Maria (""Mary"")",-1.977024161210636,-0.3583991668079151,0,2,False
0,3,"Tikkanen, Mr. Juho",0.15850313099553,-0.5062135634647565,0,0,True
1,1,"Holverson, Mrs. Alexander Oskar (Mary Aline Towner)",0.36516706249935255,0.32724806774154364,1,0,False
0,2,"Davies, Mr. Charles Henry",-0.8059285493556418,0.7338147171104706,0,0,True
0,3,"Goodwin, Master. Sidney Leonard",-1.977024161210636,0.2308066764958912,5,2,True
1,2,"Buss, Miss. Kate",0.43405503966729336,-0.410244924136975,0,0,False
1,2,"Lehmann, Miss. Bertha",-0.8748165265235827,-0.4291550008518088,0,0,False
1,1,"Carter, Mr. William Ernest",0.43405503966729336,1.6131332843502428,1,2,True
1,3,"Jansson, Mr. Carl Olof",-0.5992646178518193,-0.5086567453763131,0,0,True
0,3,"Gustafsson, Mr. Johan Birger",-0.11704877767623337,-0.5062135634647565,2,0,True
1,1,"Newell, Miss. Marjorie",-0.4614886635159376,1.4859630184429855,1,0,False
1,3,"Sandstrom, Mrs. Hjalmar (Agnes Charlotta Bengtsson)",-0.3926006863479967,-0.3402776402920899,0,2,False
0,3,"Johansson, Mr. Erik",-0.5303766406838785,-0.5086567453763131,0,0,True
0,3,"Olsson, Miss. Elina",0.08961515382758917,-0.5075523968961668,0,0,False
0,2,"McKane, Mr. Peter David",1.122934811346702,-0.16441392684413544,0,0,True
0,2,"Pain, Dr. Alfred",-0.4614886635159376,-0.4575201159240595,0,0,True
1,2,"Trout, Mrs. William H (Jessie L)",-0.11704877767623337,-0.4168634509871669,0,0,False
1,3,"Niskanen, Mr. Juha",0.6407189711711159,-0.5062135634647565,0,0,True
0,3,"Adams, Mr. John",-0.25482473201211503,-0.5038498038754023,0,0,True
0,3,"Jussila, Miss. Mari Aina",-0.5992646178518193,-0.47028441770657237,1,0,False
0,3,"Hakkarainen, Mr. Pekka Pietari",-0.11704877767623337,-0.3563512054996986,1,0,True
0,3,"Oreskovic, Miss. Marija",-0.6681525950197601,-0.49226738188756664,0,0,False
0,2,"Gale, Mr. Shadrach",0.2962790853314117,-0.2589643104183045,1,0,True
0,3,"Widegren, Mr. Carl/Charles Peter",1.4673746971864061,-0.5095228268898525,0,0,True
1,2,"Richards, Master. William Rowe",-1.8392482068747544,-0.3015119830266806,1,1,True
0,3,"Birkeland, Mr. Hans Martin Monsen",-0.5992646178518193,-0.5090500749719817,0,0,True
1,1,"Minahan, Miss. Daisy E",0.22739110816347086,1.0458309829052286,1,0,False
1,3,"Sundman, Mr. Johan Julian",0.9851588570108202,-0.5062135634647565,0,0,True
1,2,"Drew, Mrs. James Vivian (Lulu Thorne Christian)",0.2962790853314117,-0.04149842819771567,1,1,False
1,2,"Silven, Miss. Lyyli Karoliina",-0.8059285493556418,-0.410244924136975,0,2,False
0,2,"Matthews, Mr. William John",0.020727176659648322,-0.410244924136975,0,0,True
0,3,"Van Impe, Miss. Catharina",-1.3570323666991686,-0.19939756876657802,0,2,False
0,3,"Charters, Mr. David",-0.5992646178518193,-0.5098386251709902,0,0,True
0,3,"Zimmerman, Mr. Leo",-0.04816080050829252,-0.5071590673004983,0,0,True
0,3,"Danbom, Mrs. Ernst Gilbert (Anna Sigrid Maria Brogren)",-0.11704877767623337,-0.38377081673620766,1,1,False
0,3,"Rosblom, Mr. Viktor Richard",-0.8059285493556418,-0.27385599583123615,1,1,True
1,2,"Clarke, Mrs. Charles V (Ada Maria Winfield)",-0.11704877767623337,-0.16441392684413544,1,0,False
1,2,"Phillips, Miss. Kate Florence (""Mrs Kate Louise Phillips Marshall"")",-0.7370405721877009,-0.16441392684413544,0,0,False
1,3,"Pickard, Mr. Berk (Berk Trembisky)",0.15850313099553,-0.5038498038754023,0,0,True
1,1,"Bjornstrom-Steffansson, Mr. Mauritz Hakan",-0.11704877767623337,-0.15401338465097683,0,0,True
1,2,"Louch, Mrs. Charles Alexander (Alice Adelaide Slow)",0.8473829026749384,-0.16441392684413544,1,0,False
0,3,"Kallio, Mr. Nikolai Erland",-0.8748165265235827,-0.5213416248366236,0,0,True
0,1,"Silvey, Mr. William Baird",1.3984867200184652,0.4009973669293955,1,0,True
1,1,"Carter, Miss. Lucile Polk",-1.0814804580274051,1.6131332843502428,1,2,False
0,3,"Ford, Miss. Doolina Margaret ""Daisy""",-0.5992646178518193,-0.006042034357402272,2,2,False
1,2,"Richards, Mrs. Sidney (Emily Hocking)",-0.3926006863479967,-0.3015119830266806,2,3,False
0,2,"Kvillner, Mr. Johan Henrik Johannesson",0.08961515382758917,-0.4575201159240595,0,0,True
1,2,"Hart, Mrs. Benjamin (Esther Ada Bloomfield)",1.054046834178761,-0.159686407665427,1,1,False
0,3,"Hampe, Mr. Leon",-0.6681525950197601,-0.47643019263889336,0,0,True
0,3,"Petterson, Mr. Johan Emil",-0.3237127091800559,-0.5090500749719817,1,0,True
1,2,"Reynaldo, Ms. Encarnacion",-0.11704877767623337,-0.410244924136975,0,0,False
1,1,"Dodge, Master. Washington",-1.7703602297068137,0.891870811316066,0,2,True
1,2,"Mellinger, Miss. Madeleine Violet",-1.150368435195346,-0.28732942549055523,0,1,False
1,1,"Seward, Mr. Frederic Kimber",0.2962790853314117,-0.15401338465097683,0,0,True
1,3,"Baclini, Miss. Marie Catherine",-1.7014722525388728,-0.29189999103253056,2,1,False
1,1,"Peuchen, Major. Arthur Godfrey",1.5362626743543468,-0.0793185816273833,0,0,True
0,2,"West, Mr. Edwy Arthur",0.43405503966729336,-0.13132129259317626,1,2,True
0,1,"Foreman, Mr. Benjamin Laventall",0.020727176659648322,-0.13132129259317626,0,0,True
1,1,"Goldenberg, Mr. Samuel L",1.3295987428505243,1.0288913361840806,1,0,True
1,3,"Jalsevac, Mr. Ivan",-0.04816080050829252,-0.5067657377048297,0,0,True
0,1,"Millet, Mr. Francis Davis",2.431806377537578,-0.15401338465097683,0,0,True
1,2,"Toomey, Miss. Ellen",1.3984867200184652,-0.4575201159240595,0,0,False
1,1,"Anderson, Mr. Harry",1.2607107656825836,-0.15401338465097683,0,0,True
0,3,"Morley, Mr. William",0.2962790853314117,-0.5038498038754023,0,0,True
0,1,"Gee, Mr. Arthur H",1.1918227885146426,0.0719620320912872,0,0,True
0,2,"Milling, Mr. Jacob Christian",1.2607107656825836,-0.410244924136975,0,0,True
0,3,"Goncalves, Mr. Manuel Estanslas",0.571830994003175,-0.5227598805902361,0,0,True
0,1,"Smart, Mr. John Montgomery",1.8118145830261103,-0.15401338465097683,0,0,True
1,3,"Baclini, Miss. Helene Barbara",-1.9942461555026214,-0.29189999103253056,2,1,False
0,3,"Cacic, Mr. Luka",0.571830994003175,-0.49226738188756664,0,0,True
1,2,"West, Mrs. Edwy Arthur (Ada Mary Worth)",0.22739110816347086,-0.13132129259317626,1,2,False
1,2,"Jerwan, Mrs. Amin S (Marie Marthe Thuillard)",-0.4614886635159376,-0.3952738164018411,0,0,False
0,3,"Strandberg, Miss. Ida Sofia",-0.5303766406838785,-0.470048041747637,0,0,False
0,2,"Renouf, Mr. Peter Henry",0.2962790853314117,-0.2589643104183045,1,0,True
0,3,"Braund, Mr. Lewis Richard",-0.04816080050829252,-0.5228393029124385,1,0,True
0,3,"Karlsson, Mr. Nils August",-0.5303766406838785,-0.5138570164728924,0,0,True
1,3,"Hirvonen, Miss. Hildur E",-1.9081361840426954,-0.4237183537962941,0,1,False
0,3,"Goodwin, Master. Harold Victor",-1.4259203438671093,0.2308066764958912,5,2,True
0,3,"Rouse, Mr. Richard Henry",1.3984867200184652,-0.5038498038754023,0,0,True
1,3,"Turkula, Mrs. (Hedwig)",2.294030423201696,-0.47477556092634543,0,0,False
1,1,"Bishop, Mr. Dickinson H",-0.3237127091800559,1.066238737695877,1,0,True
1,1,"Hoyt, Mrs. Frederick Maxfield (Jane Anne Forby)",0.36516706249935255,1.0458309829052286,1,0,False
0,1,"Kent, Mr. Edward Austin",1.949590537361992,-0.09444664299925036,0,0,True
0,3,"Somerton, Mr. Francis William",0.020727176659648322,-0.5038498038754023,0,0,True
1,3,"Coutts, Master. Eden Leslie ""Neville""",-1.4259203438671093,-0.35540570166395696,1,1,True
0,3,"Windelov, Mr. Einar",-0.5992646178518193,-0.5189778652472694,0,0,True
0,1,"Molson, Mr. Harry Markland",1.7429266058581694,-0.0793185816273833,0,0,True
0,1,"Artagaveytia, Mr. Ramon",2.845134240545223,0.2800522982766614,0,0,True
0,3,"Stanley, Mr. Edward Roland",-0.5992646178518193,-0.5038498038754023,0,0,True
1,1,"Eustis, Miss. Elizabeth Mussey",1.6740386286902287,0.823953379787069,1,0,False
0,1,"Allison, Mrs. Hudson J C (Bessie Waldo Daniels)",-0.3237127091800559,2.20974620470325,1,2,False
0,3,"Svensson, Mr. Olof",-0.3926006863479967,-0.5086567453763131,0,0,True
0,3,"Calic, Mr. Petar",-0.8748165265235827,-0.49226738188756664,0,0,True
0,3,"Canavan, Miss. Mary",-0.5992646178518193,-0.5095228268898525,0,0,False
0,3,"Laitinen, Miss. Kristina Sofia",0.5029430168352342,-0.47477556092634543,0,0,False
1,1,"Maioni, Miss. Roberta",-0.9437045036915235,0.9796457144033102,0,0,False
0,1,"Penasco y Castellana, Mr. Victor de Satode",-0.8059285493556418,1.4032314328155877,1,0,True
1,2,"Quick, Mrs. Frederick Charles (Jane Richards)",0.22739110816347086,-0.16441392684413544,0,2,False
0,3,"Olsen, Mr. Henry Margido",-0.11704877767623337,-0.23012644342818298,0,0,True
1,3,"Lang, Mr. Fang",-0.25482473201211503,0.41226399063609354,0,0,True
1,3,"Daly, Mr. Eugene Patrick",-0.04816080050829252,-0.5095228268898525,0,0,True
1,1,"McGough, Mr. James Robert",0.43405503966729336,-0.1589772797886207,0,0,True
1,1,"Rothschild, Mrs. Martin (Elizabeth L. Barrett)",1.6740386286902287,0.46718263543131383,1,0,False
0,3,"Coleff, Mr. Satio",-0.3926006863479967,-0.5143297683907633,0,0,True
0,1,"Walker, Mr. William Anderson",1.1918227885146426,-0.012739983529796384,0,0,True
1,2,"Lemore, Mrs. (Amelia Milley)",0.2962790853314117,-0.4575201159240595,0,0,False
1,2,"Angle, Mrs. William A (Florence ""Mary"" Agnes Hughes)",0.43405503966729336,-0.16441392684413544,1,0,False
0,3,"Pavlovic, Mr. Stefo",0.15850313099553,-0.5067657377048297,0,0,True
1,1,"Perreault, Miss. Anne",0.020727176659648322,1.1120162514071468,0,0,False
0,3,"Vovk, Mr. Janko",-0.5303766406838785,-0.5067657377048297,0,0,True
1,1,"Hippach, Mrs. Louis Albert (Ida Sophia Fischer)",0.9851588570108202,0.440315198434878,0,1,False
0,3,"Farrell, Mr. James",0.7440509369230272,-0.5095228268898525,0,0,True
1,2,"Ridsdale, Miss. Lucy",1.3984867200184652,-0.4575201159240595,0,0,False
0,3,"Salonen, Mr. Johan Werner",0.6407189711711159,-0.5062135634647565,0,0,True
0,2,"Hocking, Mr. Richard George",-0.4614886635159376,-0.4386100392092257,2,1,True
1,2,"Quick, Miss. Phyllis May",-1.9081361840426954,-0.16441392684413544,1,1,False
0,3,"Elias, Mr. Joseph Jr",-0.8748165265235827,-0.519371194842938,1,1,True
0,3,"Cacic, Miss. Marija",0.020727176659648322,-0.49226738188756664,0,0,False
1,2,"Hart, Miss. Eva Miriam",-1.5636962982029912,-0.159686407665427,0,2,False
0,1,"Butt, Major. Archibald Willingham",1.054046834178761,-0.15401338465097683,0,0,True
1,1,"LeRoy, Miss. Bertha",0.020727176659648322,1.3564289929463738,0,0,False
1,1,"Frolicher, Miss. Hedwig Margaritha",-0.5303766406838785,0.27997287595445913,0,2,False
1,1,"Crosby, Miss. Harriet R",0.43405503966729336,0.6865395253233861,0,2,False
0,3,"Andersson, Miss. Ingeborg Constanzia",-1.4259203438671093,-0.06466327217338712,4,2,False
0,3,"Andersson, Miss. Sigrid Elisabeth",-1.2881443895312277,-0.06466327217338712,4,2,False
1,2,"Beane, Mr. Edward",0.15850313099553,-0.16441392684413544,1,0,True
0,1,"Douglas, Mr. Walter Donald",1.3984867200184652,1.3564289929463738,1,0,True
0,1,"Nicholson, Mr. Arthur Ernest",2.362918400369637,-0.16441392684413544,0,0,True
1,2,"Beane, Mrs. Edward (Ethel Clarke)",-0.7370405721877009,-0.16441392684413544,1,0,False
0,3,"Goldsmith, Mr. Frank John",0.22739110816347086,-0.2679465968578506,1,1,True
1,2,"Davies, Master. John Morgan Jr",-1.4948083210350502,0.03886939784032803,1,1,True
1,1,"Thayer, Mr. John Borland Jr",-0.8748165265235827,1.4407357879641176,0,2,True
0,2,"Sharp, Mr. Percival James R",-0.1859367548441742,-0.16441392684413544,0,0,True
1,3,"Leeni, Mr. Fahim (""Philip Zenni"")",-0.5303766406838785,-0.5194506171651402,0,0,True
1,3,"Ohman, Miss. Velin",-0.5303766406838785,-0.5090500749719817,0,0,False
0,1,"Wright, Mr. George",2.225142446033755,-0.15401338465097683,0,0,True
1,1,"Duff Gordon, Lady. (Lucille Christiana Sutherland) (""Mrs Morgan"")",1.2607107656825836,0.09276311647760442,1,0,False
1,1,"Taussig, Mrs. Emil (Tillie Mandelbaum)",0.6407189711711159,0.8501116889066986,1,1,False
1,3,"de Messemaeker, Mrs. Guillaume Joseph (Emma)",0.43405503966729336,-0.32704058659170626,1,0,False
0,3,"Sivic, Mr. Husein",0.7096069483390568,-0.5067657377048297,0,0,True
0,2,"Norman, Mr. Robert Douglas",-0.11704877767623337,-0.4007898857795581,0,0,True
0,3,"Davies, Mr. Alfred J",-0.3926006863479967,-0.19939756876657802,2,0,True
0,3,"Stoytcheff, Mr. Ilia",-0.7370405721877009,-0.5067657377048297,0,0,True
0,3,"Palsson, Mrs. Nils (Alma Cornelia Berglund)",-0.04816080050829252,-0.257546054664692,0,4,False
1,3,"Jonsson, Mr. Carl",0.15850313099553,-0.5075523968961668,0,0,True
1,2,"Harris, Mr. George",2.225142446033755,-0.4575201159240595,0,0,True
1,1,"Appleton, Mrs. Edward Dale (Charlotte Lamson)",1.6051506515222878,0.31739969978845817,2,0,False
1,1,"Flynn, Mr. John Irwin (""Irving"")",0.43405503966729336,-0.15708627211713735,0,0,True
0,3,"Rush, Mr. Alfred George John",-0.9437045036915235,-0.5038498038754023,0,0,True
0,3,"Patchett, Mr. George",-0.7370405721877009,-0.3818798090647243,0,0,True
1,2,"Garside, Miss. Ethel",0.2962790853314117,-0.410244924136975,0,0,False
1,1,"Silvey, Mrs. William Baird (Alice Munger)",0.6407189711711159,0.4009973669293955,1,0,False
1,3,"Jussila, Mr. Eiriik",0.15850313099553,-0.5062135634647565,0,0,True
1,2,"Christy, Miss. Julie Rachel",-0.3237127091800559,-0.0887736199848002,1,1,False
1,1,"Thayer, Mrs. John Borland (Marian Longstreth Morris)",0.6407189711711159,1.4407357879641176,1,1,False
0,2,"Downton, Mr. William James",1.6740386286902287,-0.16441392684413544,0,0,True
0,1,"Ross, Mr. John Hugo",0.43405503966729336,0.10269090675289215,0,0,True
1,1,"Taussig, Miss. Ruth",-0.8059285493556418,0.8501116889066986,0,2,False
0,2,"Jarvis, Mr. John Denzil",1.1918227885146426,-0.3724247707073074,0,0,True
1,1,"Frolicher-Stehli, Mr. Maxmillian",2.087366491697874,0.8416021543850234,1,1,True
0,3,"Gilinski, Mr. Eliezer",-0.5303766406838785,-0.5038498038754023,0,0,True
0,3,"Rintamaki, Mr. Matti",0.36516706249935255,-0.5213416248366236,0,0,True
1,1,"Stephenson, Mrs. Walter Bertram (Martha Eustis)",1.5362626743543468,0.823953379787069,1,0,False
0,3,"Elsbury, Mr. William James",1.1918227885146426,-0.5189778652472694,0,0,True
0,2,"Chapman, Mr. John Henry",0.5029430168352342,-0.16441392684413544,1,0,True
0,3,"Van Impe, Mr. Jean Baptiste",0.43405503966729336,-0.19939756876657802,1,1,True
0,3,"Johnson, Mr. Alfred",1.3295987428505243,-0.6560759214298145,0,0,True
1,1,"Duff Gordon, Sir. Cosmo Edmund (""Mr Morgan"")",1.3295987428505243,0.42045961788430253,1,0,True
1,2,"Jacobsohn, Mrs. Sidney Samuel (Amy Frances Christy)",-0.3926006863479967,-0.14550385012930164,2,1,False
0,3,"Torber, Mr. Ernst William",0.9851588570108202,-0.5038498038754023,0,0,True
1,1,"Homer, Mr. Harry (""Mr E Haven"")",0.36516706249935255,-0.15401338465097683,0,0,True
0,3,"Lindell, Mr. Edvard Bengtsson",0.43405503966729336,-0.3620242285141488,1,0,True
0,3,"Karaic, Mr. Milan",0.020727176659648322,-0.5067657377048297,0,0,True
1,1,"Daniel, Mr. Robert Williams",-0.1859367548441742,-0.0793185816273833,0,0,True
1,2,"Laroche, Mrs. Joseph (Juliette Marie Louise Lafargue)",-0.5303766406838785,0.13018994031160347,1,2,False
1,1,"Shutes, Miss. Elizabeth W",0.7096069483390568,2.245911726420369,0,0,False
0,3,"Andersson, Mrs. Anders Johan (Alfrida Konstantia Brogren)",0.6407189711711159,-0.06466327217338712,1,5,False
0,3,"Brocklebank, Mr. William Alfred",0.36516706249935255,-0.5038498038754023,0,0,True
1,2,"Herman, Miss. Alice",-0.3926006863479967,0.5730790650343832,1,2,False
0,3,"Danbom, Mr. Ernst Gilbert",0.2962790853314117,-0.38377081673620766,1,1,True
0,3,"Lobb, Mrs. William Arthur (Cordelia K Stanlick)",-0.25482473201211503,-0.35162368632099017,1,0,False
1,2,"Becker, Miss. Marion Louise",-1.7703602297068137,0.08141707044870411,2,1,False
0,2,"Gavey, Mr. Lawrence",-0.25482473201211503,-0.4575201159240595,0,0,True
0,3,"Yasbeck, Mr. Antoni",-0.1859367548441742,-0.3827458905782637,1,0,True
1,1,"Kimball, Mr. Edwin Nelson Jr",0.8473829026749384,0.33772803225690456,1,0,True
1,3,"Nakid, Mr. Sahid",-0.6681525950197601,-0.3583991668079151,1,1,True
0,3,"Hansen, Mr. Henry Damsgaard",-0.5992646178518193,-0.5075523968961668,0,0,True
0,3,"Bowen, Mr. David John ""Dai""",-0.5992646178518193,-0.35162368632099017,0,0,True
0,1,"Sutton, Mr. Frederick",2.1562544688658143,-0.04488711394501392,0,0,True
0,2,"Kirkland, Rev. Charles Leonard",1.880702560194051,-0.4225364740016169,0,0,True
1,1,"Longley, Miss. Gretchen Fiske",-0.5992646178518193,0.818121512128214,0,0,False
0,3,"Bostandyeff, Mr. Guentcho",-0.25482473201211503,-0.5067657377048297,0,0,True
1,1,"Barkworth, Mr. Algernon Henry Wilson",3.4651260350566906,-0.0887736199848002,0,0,True
0,3,"Lundahl, Mr. Johan Svensson",1.4673746971864061,-0.5226804582680339,0,0,True
1,1,"Stahelin-Maeglin, Dr. Max",0.15850313099553,-0.0793185816273833,0,0,True
0,3,"Skoog, Miss. Mabel",-1.4259203438671093,-0.12848478108595124,3,2,False
1,2,"Davis, Miss. Mary",-0.11704877767623337,-0.410244924136975,0,0,False
0,3,"Leinonen, Mr. Antti Gustaf",0.15850313099553,-0.5062135634647565,0,0,True
0,2,"Collyer, Mr. Harvey",0.08961515382758917,-0.159686407665427,1,1,True
0,3,"Panula, Mrs. Juha (Maria Emilia Ojala)",0.7784949255069976,0.09441774819015235,0,5,False
0,3,"Jensen, Mr. Hans Peder",-0.6681525950197601,-0.5075523968961668,0,0,True
1,1,"Sagesser, Mlle. Emma",-0.3926006863479967,0.6543923949081686,0,0,False
0,3,"Skoog, Miss. Margit Elizabeth",-1.9081361840426954,-0.12848478108595124,3,2,False
1,3,"Baclini, Miss. Eugenie",-1.9942461555026214,-0.29189999103253056,2,1,False
1,1,"Harper, Mr. Henry Sleeper",1.2607107656825836,0.794879136838012,1,0,True
0,3,"Cor, Mr. Liudevit",-0.7370405721877009,-0.5067657377048297,0,0,True
1,1,"Simonius-Blumer, Col. Oberst Alfons",1.8118145830261103,0.015231801946785766,0,0,True
1,3,"Stanley, Miss. Amy Zillah Elsie",-0.4614886635159376,-0.5133048422328192,0,0,False
1,2,"Doling, Miss. Elsie",-0.8059285493556418,-0.22114415698863688,0,1,False
0,3,"Kalvik, Mr. Johannes Halvorsen",-0.5992646178518193,-0.4966015714706066,0,0,True
0,3,"Hegarty, Miss. Hanora ""Nora""",-0.8059285493556418,-0.5284329036046863,0,0,False
0,2,"Hickman, Mr. Leonard Mark",-0.3926006863479967,0.7338147171104706,2,0,True
0,3,"Bourke, Mrs. John (Catherine)",0.15850313099553,-0.3629697323498905,1,1,False
0,2,"Eitemiller, Mr. George Floyd",-0.4614886635159376,-0.410244924136975,0,0,True
0,1,"Newell, Mr. Arthur Webster",1.949590537361992,1.4859630184429855,0,2,True
1,1,"Frauenthal, Dr. Henry William",1.3984867200184652,1.8712558315077246,2,0,True
0,3,"Badt, Mr. Mohamed",0.7096069483390568,-0.5194506171651402,0,0,True
0,1,"Colley, Mr. Edward Pomeroy",1.1918227885146426,-0.17221433348900442,0,0,True
0,3,"Coleff, Mr. Peju",0.43405503966729336,-0.5143297683907633,0,0,True
1,3,"Lindqvist, Mr. Eino William",-0.6681525950197601,-0.5062135634647565,1,0,True
0,2,"Hickman, Mr. Lewis",0.15850313099553,0.7338147171104706,2,0,True
0,2,"Butler, Mr. Reginald Fenton",-0.3237127091800559,-0.410244924136975,0,0,True
0,3,"Cook, Mr. Jacob",0.9162708798428792,-0.5038498038754023,0,0,True
1,2,"Brown, Mrs. Thomas William Solomon (Elizabeth Catherine Ford)",0.7096069483390568,0.08141707044870411,1,1,False
0,1,"Davidson, Mr. Thornton",0.08961515382758917,0.32724806774154364,1,0,True
0,2,"Mitchell, Mr. Henry Michael",2.776246263377282,-0.4575201159240595,0,0,True
1,2,"Wilhelms, Mr. Charles",0.08961515382758917,-0.410244924136975,0,0,True
0,3,"Edvardsson, Mr. Gustaf Hjalmar",-0.8059285493556418,-0.5090500749719817,0,0,True
0,3,"Sawyer, Mr. Frederick Charles",-0.3581566977640263,-0.5038498038754023,0,0,True
1,3,"Turja, Miss. Anna Sofia",-0.8059285493556418,-0.4699686194254346,0,0,False
0,3,"Goodwin, Mrs. Frederick (Augusta Tyler)",0.9162708798428792,0.2308066764958912,1,6,False
1,1,"Hassab, Mr. Hammad",-0.1859367548441742,0.794879136838012,0,0,True
0,3,"Olsvigen, Mr. Thor Anderson",-0.6681525950197601,-0.48163046373547264,0,0,True
0,3,"Goodwin, Mr. Charles Edward",-1.0814804580274051,0.2308066764958912,5,2,True
0,2,"Brown, Mr. Thomas William Solomon",2.087366491697874,0.08141707044870411,1,1,True
0,2,"Laroche, Mr. Joseph Philippe Lemercier",-0.3237127091800559,0.13018994031160347,1,2,True
0,3,"Panula, Mr. Jaako Arnold",-1.0814804580274051,0.09441774819015235,4,1,True
0,3,"Dakic, Mr. Branko",-0.7370405721877009,-0.4637453131785828,0,0,True
0,3,"Fischer, Mr. Eberhard Thelander",-0.8059285493556418,-0.5086567453763131,0,0,True
1,1,"Madill, Miss. Georgette Alexandra",-1.0125924808594644,3.340332416291376,0,1,False
1,1,"Dick, Mr. Albert Adrian",0.08961515382758917,0.4217984513157127,1,0,True
1,3,"Karun, Miss. Manca",-1.7703602297068137,-0.40236509516990376,0,1,False
0,3,"Saad, Mr. Khalil",-0.3237127091800559,-0.5194506171651402,0,0,True
0,1,"Weir, Col. John",2.087366491697874,-0.15401338465097683,0,0,True
0,2,"Chapman, Mr. Charles Henry",1.5362626743543468,-0.4007898857795581,0,0,True
0,3,"Kelly, Mr. James",0.9851588570108202,-0.5038498038754023,0,0,True
0,1,"Thayer, Mr. John Borland",1.3295987428505243,1.4407357879641176,1,1,True
0,3,"Humblen, Mr. Adolf Mathias Nicolai Olsen",0.8473829026749384,-0.5114138345613359,0,0,True
1,1,"Astor, Mrs. John Jacob (Madeleine Talmadge Force)",-0.8059285493556418,3.6464392831127483,1,0,False
1,1,"Silverthorne, Mr. Spencer Victor",0.36516706249935255,-0.1589772797886207,0,0,True
0,3,"Barbara, Miss. Saiide",-0.8059285493556418,-0.3827458905782637,0,1,False
0,3,"Gallagher, Mr. Martin",-0.3237127091800559,-0.5096797805265856,0,0,True
0,3,"Hansen, Mr. Henrik Juul",-0.25482473201211503,-0.5075523968961668,1,0,True
0,2,"Morley, Mr. Henry Samuel (""Mr Henry Marshall"")",0.6407189711711159,-0.16441392684413544,0,0,True
1,2,"Kelly, Mrs. Florence ""Fannie""",1.054046834178761,-0.4007898857795581,0,0,False
1,1,"Calderhead, Mr. Edward Pennington",0.8473829026749384,-0.1589772797886207,0,0,True
1,1,"Cleaver, Miss. Alice",-0.5303766406838785,2.20974620470325,0,0,False
1,1,"Mayne, Mlle. Berthe Antonine (""Mrs de Villiers"")",-0.3926006863479967,0.2800522982766614,0,0,False
1,1,"Taylor, Mr. Elmer Zebley",1.2607107656825836,0.32724806774154364,1,0,True
0,3,"Larsson, Mr. August Viktor",-0.04816080050829252,-0.47674599092003106,0,0,True
0,2,"Greenberg, Mr. Samuel",1.5362626743543468,-0.410244924136975,0,0,True
0,3,"Soholt, Mr. Peter Andreas Lauritz Andersen",-0.7370405721877009,-0.5114138345613359,0,0,True
1,1,"Endres, Miss. Caroline Louise",0.571830994003175,3.6464392831127483,0,0,False
1,2,"Troutt, Miss. Edwina Celia ""Winnie""",-0.1859367548441742,-0.4575201159240595,0,0,False
0,3,"Johnson, Mr. Malkolm Joackim",0.22739110816347086,-0.5090500749719817,0,0,True
1,2,"Harper, Miss. Annie Jessie ""Nina""",-1.6325842753709319,-0.03204338984029876,0,1,False
0,3,"Jensen, Mr. Svend Lauritz",-0.8748165265235827,-0.5226804582680339,1,0,True
0,2,"Gillespie, Mr. William Henry",0.2962790853314117,-0.410244924136975,0,0,True
0,2,"Hodges, Mr. Henry Price",1.3984867200184652,-0.410244924136975,0,0,True
1,1,"Chambers, Mr. Norman Campbell",-0.1859367548441742,0.34804915212786086,1,0,True
0,3,"Oreskovic, Mr. Luka",-0.6681525950197601,-0.49226738188756664,0,0,True
1,2,"Renouf, Mrs. Peter Henry (Lillian Jefferys)",0.020727176659648322,-0.2589643104183045,3,0,False
0,2,"Bryhl, Mr. Kurt Arnold Gottfrid",-0.3237127091800559,-0.16441392684413544,1,0,True
0,3,"Ilmakangas, Miss. Pieta Sofia",-0.3237127091800559,-0.5062135634647565,1,0,False
1,1,"Allen, Miss. Elisabeth Walton",-0.04816080050829252,3.340332416291376,0,0,False
0,3,"Hassan, Mr. Houssein G N",-1.2881443895312277,-0.30080285514987426,0,0,True
0,2,"Berriman, Mr. William John",-0.4614886635159376,-0.410244924136975,0,0,True
0,2,"Troupiansky, Mr. Moses Aaron",-0.4614886635159376,-0.410244924136975,0,0,True
0,3,"Williams, Mr. Leslie",-0.08260478909226295,-0.35162368632099017,0,0,True
0,3,"Ford, Mrs. Edward (Margaret Ann Watson)",1.2607107656825836,-0.006042034357402272,1,3,False
0,1,"Cavendish, Mr. Tyrell William",0.43405503966729336,0.8349836275348314,1,0,True
0,3,"McNamee, Mr. Neal",-0.3926006863479967,-0.35162368632099017,1,0,True
1,3,"Stranden, Mr. Juho",0.08961515382758917,-0.5062135634647565,0,0,True
0,1,"Crosby, Capt. Edward Gifford",2.776246263377282,0.6865395253233861,1,1,True
0,3,"Abbott, Mr. Rossmore Edward",-0.9437045036915235,-0.2731468679544299,1,1,True
1,2,"Sinkkonen, Miss. Anna",0.020727176659648322,-0.410244924136975,0,0,False
0,1,"Marvin, Mr. Daniel Warner",-0.7370405721877009,0.34804915212786086,1,0,True
0,3,"Connaghton, Mr. Michael",0.08961515382758917,-0.5095228268898525,0,0,True
1,2,"Wells, Miss. Joan",-1.7703602297068137,-0.22114415698863688,1,1,False
1,3,"Moor, Master. Meier",-1.6325842753709319,-0.4201727144122627,0,1,True
0,3,"Vande Velde, Mr. Johannes Joseph",0.22739110816347086,-0.47643019263889336,0,0,True
0,3,"Jonkoff, Mr. Lalio",-0.4614886635159376,-0.5067657377048297,0,0,True
1,2,"Herman, Mrs. Samuel (Jane Laver)",1.2607107656825836,0.5730790650343832,1,2,False
1,2,"Hamalainen, Master. Viljo",-1.9997571936760565,-0.3818798090647243,1,1,True
0,3,"Carlsson, Mr. August Sigfrid",-0.11704877767623337,-0.5086567453763131,0,0,True
0,2,"Bailey, Mr. Percy Andrew",-0.8059285493556418,-0.4386100392092257,0,0,True
0,3,"Theobald, Mr. Thomas Leonard",0.2962790853314117,-0.5038498038754023,0,0,True
1,1,"Rothes, the Countess. of (Lucy Noel Martha Dyer-Edwards)",0.22739110816347086,0.9796457144033102,0,0,False
0,3,"Nirva, Mr. Iisakki Antino Aijo",0.7784949255069976,-0.5213416248366236,0,0,True
1,3,"Barah, Mr. Hanna Assi",-0.6681525950197601,-0.519371194842938,0,0,True
1,1,"Carter, Mrs. William Ernest (Lucile Polk)",0.43405503966729336,1.6131332843502428,1,2,False
0,3,"Eklund, Mr. Hans Linus",-0.9437045036915235,-0.5090500749719817,0,0,True
1,1,"Hogeboom, Mrs. John C (Anna Andrews)",1.4673746971864061,0.818121512128214,1,0,False
0,3,"Mangan, Miss. Mary",0.055171165243618744,-0.5095228268898525,0,0,False
0,3,"Gronnestad, Mr. Daniel Danielsen",0.15850313099553,-0.4979404049020168,0,0,True
0,3,"Lievens, Mr. Rene Aime",-0.3926006863479967,-0.47643019263889336,0,0,True
0,3,"Jensen, Mr. Niels Peder",1.2607107656825836,-0.5075523968961668,0,0,True
0,2,"Mack, Mrs. (Mary)",1.880702560194051,-0.4575201159240595,0,0,False
1,2,"Hocking, Mrs. Elizabeth (Eliza Needs)",1.6740386286902287,-0.22114415698863688,1,3,False
0,3,"Myhrman, Mr. Pehr Fabian Oliver Malkolm",-0.8059285493556418,-0.5095228268898525,0,0,True
1,3,"Emanuel, Miss. Virginia Ethel",-1.7014722525388728,-0.4201727144122627,0,0,False
1,1,"Robert, Mrs. Edward Scott (Elisabeth Walton McMillan)",0.9162708798428792,3.340332416291376,0,1,False
1,3,"Ayoub, Miss. Banoura",-1.150368435195346,-0.519371194842938,0,0,False
1,1,"Dick, Mrs. Albert Adrian (Vera Gillespie)",-0.8748165265235827,0.4217984513157127,1,0,False
0,1,"Long, Mr. Milton Clyde",-0.04816080050829252,-0.0887736199848002,0,0,True
0,3,"Ali, Mr. William",-0.3237127091800559,-0.5227598805902361,0,0,True
0,3,"Harmer, Mr. Abraham (David Lishin)",-0.3237127091800559,-0.5189778652472694,0,0,True
1,3,"Sjoblom, Miss. Anna Sofia",-0.8059285493556418,-0.5143297683907633,0,0,False
0,3,"Rice, Master. George Hugh",-1.4948083210350502,-0.10531993711027979,4,1,True
1,3,"Dean, Master. Bertram Vere",-1.977024161210636,-0.2670010930221089,1,2,True
0,1,"Guggenheim, Mr. Benjamin",1.122934811346702,0.8416021543850234,0,0,True
0,2,"Gaskell, Mr. Alfred",-0.9437045036915235,-0.16441392684413544,0,0,True
0,3,"Dantcheff, Mr. Ristiu",-0.3237127091800559,-0.5067657377048297,0,0,True
0,2,"Otter, Mr. Richard",0.6407189711711159,-0.410244924136975,0,0,True
1,1,"Leader, Dr. Alice (Farnham)",1.3295987428505243,-0.16575276027554564,0,0,False
1,3,"Osman, Mrs. Mara",0.08961515382758917,-0.4918740522918981,0,0,False
0,3,"Ibrahim Shawah, Mr. Yousseff",0.020727176659648322,-0.519371194842938,0,0,True
0,3,"Van Impe, Mrs. Jean Baptiste (Rosalie Paula Govaert)",0.020727176659648322,-0.19939756876657802,1,1,False
0,2,"Ponesell, Mr. Martin",0.2962790853314117,-0.410244924136975,0,0,True
1,2,"Collyer, Mrs. Harvey (Charlotte Annie Tate)",0.08961515382758917,-0.159686407665427,1,1,False
1,1,"Carter, Master. William Thornton II",-1.2881443895312277,1.6131332843502428,1,2,True
1,3,"Thomas, Master. Assad Alexander",-2.0169791879680417,-0.4950244710725894,0,1,True
1,3,"Hedman, Mr. Oskar Arvid",-0.1859367548441742,-0.5241781363438487,0,0,True
0,3,"Johansson, Mr. Karl Johan",0.08961515382758917,-0.5090500749719817,0,0,True
0,1,"Andrews, Mr. Thomas Jr",0.6407189711711159,-0.6560759214298145,0,0,True
0,3,"Pettersson, Miss. Ellen Natalia",-0.8059285493556418,-0.5090500749719817,0,0,False
0,2,"Meyer, Mr. August",0.6407189711711159,-0.410244924136975,0,0,True
1,1,"Chambers, Mrs. Norman Campbell (Bertha Griggs)",0.22739110816347086,0.34804915212786086,1,0,False
0,3,"Alexander, Mr. William",-0.25482473201211503,-0.5069226913415629,0,0,True
0,3,"Lester, Mr. James",0.6407189711711159,-0.19939756876657802,0,0,True
0,2,"Slemen, Mr. Richard James",0.36516706249935255,-0.4575201159240595,0,0,True
0,3,"Andersson, Miss. Ebba Iris Alfrida",-1.6325842753709319,-0.06466327217338712,4,2,False
0,3,"Tomlin, Mr. Ernest Portage",0.055171165243618744,-0.5038498038754023,0,0,True
0,3,"Heininen, Miss. Wendla Maria",-0.4614886635159376,-0.5062135634647565,0,0,False
0,2,"Mallet, Mr. Albert",0.08961515382758917,0.04367633934123873,1,1,True
0,3,"Holm, Mr. John Fredrik Alexander",0.9162708798428792,-0.5341059266191365,0,0,True
0,3,"Skoog, Master. Karl Thorsten",-1.3570323666991686,-0.12848478108595124,3,2,True
1,1,"Hays, Mrs. Charles Melville (Clara Jennings Gregg)",1.5362626743543468,1.1120162514071468,1,1,False
1,3,"Lulic, Mr. Nikola",-0.1859367548441742,-0.49226738188756664,0,0,True
0,1,"Reuchlin, Jonkheer. John George",0.571830994003175,-0.6560759214298145,0,0,True
1,3,"Moor, Mrs. (Beila)",-0.1859367548441742,-0.4201727144122627,0,1,False
0,3,"Panula, Master. Urho Abraham",-1.9081361840426954,0.09441774819015235,4,1,True
1,2,"Mallet, Master. Andre",-1.977024161210636,0.04367633934123873,0,2,True
1,1,"Stone, Mrs. George Nelson (Martha Evelyn)",2.225142446033755,0.8567302157568903,0,0,False
1,3,"Yasbeck, Mrs. Antoni (Selini Alexander)",-1.0125924808594644,-0.3827458905782637,1,0,False
1,2,"Richards, Master. George Sibley",-1.9887351173291863,-0.3015119830266806,1,1,True
0,3,"Augustsson, Mr. Albert",-0.4614886635159376,-0.5075523968961668,0,0,True
0,3,"Allum, Mr. Owen George",-0.8059285493556418,-0.4991222846966939,0,0,True
1,1,"Compton, Miss. Sara Rebecca",0.6407189711711159,0.91645391104535,1,1,False
0,3,"Pasic, Mr. Jakob",-0.5992646178518193,-0.49226738188756664,0,0,True
1,3,"Chip, Mr. Chang",0.15850313099553,0.41226399063609354,0,0,True
0,3,"Alhomaki, Mr. Ilmari Rudolf",-0.6681525950197601,-0.5062135634647565,0,0,True
0,2,"Mudd, Mr. Thomas Charles",-0.9437045036915235,-0.4575201159240595,0,0,True
1,1,"Serepeca, Miss. Augusta",0.020727176659648322,-0.06986354326996638,0,0,False
0,3,"Lemberopolous, Mr. Peter L",0.33072307391538214,-0.5343423025780719,0,0,True
0,3,"Culumovic, Mr. Jeso",-0.8748165265235827,-0.49226738188756664,0,0,True
0,3,"Abbing, Mr. Anthony",0.8473829026749384,-0.5133048422328192,0,0,True
0,3,"Markoff, Mr. Marin",0.36516706249935255,-0.5067657377048297,0,0,True
0,2,"Harper, Rev. John",-0.11704877767623337,-0.03204338984029876,0,1,True
0,3,"Andersson, Master. Sigvard Harald Elias",-1.7703602297068137,-0.06466327217338712,4,2,True
0,3,"Svensson, Mr. Johan",3.0517981720490455,-0.5090500749719817,0,0,True
0,3,"Boulos, Miss. Nourelain",-1.4259203438671093,-0.36777667385080126,1,1,False
1,1,"Lines, Miss. Mary Conover",-0.9437045036915235,0.0889811011346376,0,1,False
0,2,"Carter, Mrs. Ernest Courtenay (Lilian Hughes)",0.9851588570108202,-0.16441392684413544,1,0,False
1,3,"Aks, Mrs. Sam (Leah Rosen)",-0.8059285493556418,-0.4792667041461184,0,1,False
1,1,"Wick, Mrs. George Dennick (Mary Hitchcock)",1.054046834178761,2.461566023291677,1,1,False
1,1,"Daly, Mr. Peter Denis ",1.4673746971864061,-0.15401338465097683,0,0,True
1,3,"Baclini, Mrs. Solomon (Latifa Qurban)",-0.3926006863479967,-0.29189999103253056,0,3,False
0,3,"Hansen, Mr. Claus Peter",0.7784949255069976,-0.3892868861139247,2,0,True
0,2,"Giles, Mr. Frederick Edward",-0.5992646178518193,-0.4386100392092257,1,0,True
1,1,"Swift, Mrs. Frederick Joel (Margaret Welles Barron)",1.2607107656825836,-0.16575276027554564,0,0,False
0,2,"Gill, Mr. John William",-0.3926006863479967,-0.410244924136975,0,0,True
1,2,"Bystrom, Mrs. (Karolina)",0.8473829026749384,-0.410244924136975,0,0,False
1,2,"Duran y More, Miss. Asuncion",-0.1859367548441742,-0.39401440529263315,1,0,False
0,1,"Roebling, Mr. Washington Augustus II",0.08961515382758917,0.2988035303470907,0,0,True
1,3,"Johnson, Master. Harold Theodor",-1.7703602297068137,-0.4455443643405553,1,1,True
0,3,"Balkic, Mr. Cerin",-0.25482473201211503,-0.5067657377048297,0,0,True
1,1,"Beckwith, Mrs. Richard Leonard (Sallie Monypeny)",1.1918227885146426,0.33772803225690456,1,1,False
0,1,"Carlsson, Mr. Frans Olof",0.22739110816347086,-0.5615255378556455,0,0,True
0,3,"Vander Cruyssen, Mr. Victor",1.1918227885146426,-0.48588523099631026,0,0,True
1,2,"Abelson, Mrs. Samuel (Hannah Wizosky)",-0.11704877767623337,-0.20223408027380307,1,0,False
1,3,"Najib, Miss. Adele Kiamie ""Jane""",-1.0125924808594644,-0.5194506171651402,0,0,False
0,3,"Gustafsson, Mr. Alfred Ossian",-0.6681525950197601,-0.4698910881109038,0,0,True
0,3,"Petroff, Mr. Nedelio",-0.7370405721877009,-0.5067657377048297,0,0,True
1,1,"Potter, Mrs. Thomas Jr (Lily Alexenia Wilson)",1.8118145830261103,0.91645391104535,0,1,False
1,2,"Shelley, Mrs. William (Imanita Parrish Hall)",-0.3237127091800559,-0.16441392684413544,0,1,False
0,3,"Markun, Mr. Johann",0.22739110816347086,-0.5067657377048297,0,0,True
0,3,"Dahlberg, Miss. Gerda Ulrika",-0.5303766406838785,-0.4572043176429218,0,0,False
0,2,"Banfield, Mr. Frederick James",-0.11704877767623337,-0.4575201159240595,0,0,True
0,3,"Sutehall, Mr. Henry Jr",-0.3237127091800559,-0.5227598805902361,0,0,True
0,3,"Rice, Mrs. William (Margaret Norton)",0.6407189711711159,-0.10531993711027979,0,5,False
0,2,"Montvila, Rev. Juozas",-0.1859367548441742,-0.410244924136975,0,0,True
1,1,"Graham, Miss. Margaret Edith",-0.7370405721877009,-0.0887736199848002,0,0,False
1,1,"Behr, Mr. Karl Howell",-0.25482473201211503,-0.0887736199848002,0,0,True
0,3,"Dooley, Mr. Patrick",0.15850313099553,-0.5095228268898525,0,0,True
